ProxyAddress,implementations,VersionNumber,Creation Timestamp,Creation Date,Last Transaction Timestamp,Last Transaction Date,Total Transactions,Age,Active,diff
0x0089081950b4ebbf362689519c1d54827e99d727,0xe6abfcabe24f06197a7a20dc9c81c251f2862430,1,1610683736,1/15/21 4:08,1610683736,1/15/21 4:08,1,5713359,False,66 days 182 minutes
0x0089081950b4ebbf362689519c1d54827e99d727,0xcac49516e6e1c79a62bd67e4d87f7e0d80858258,2,1616397095,3/22/21 7:11,1616397095,3/22/21 7:11,1,74634981,False,863 days 1196 minutes
0x05bab9017705d32a8a0bb2ec06a78fa0fa20f1a4,0x653498a9e1c98eedaa9733d2d28617ff0e43dc18,1,1614772370,3/3/21 11:52,1614772370,3/3/21 11:52,1,402770,False,4 days 952 minutes
0x05bab9017705d32a8a0bb2ec06a78fa0fa20f1a4,0x4102109981d59c1491fc0faa2d40ba93a4d63fcb,2,1615175140,3/8/21 3:45,1615175140,3/8/21 3:45,1,706296,False,8 days 251 minutes
0x05bab9017705d32a8a0bb2ec06a78fa0fa20f1a4,0x525a0cd0c00477744e18881d4ba59674556f2743,3,1615881436,3/16/21 7:57,1671791699,12/23/22 10:34,2,75150640,False,869 days 1150 minutes
0x089a502032166e07ae83eb434c16790ca2fa4661,0x0ee919007d2682f4a64308d6399ae0a34909fcb4,1,1610952072,1/18/21 6:41,1618927127,4/20/21 13:58,2,-359515,True,1208 minutes
0x089a502032166e07ae83eb434c16790ca2fa4661,0x7c1b4184c388eb3198f7b93e2b3a169f0d853c95,2,1610592557,1/14/21 2:49,1610965752,1/18/21 10:29,3,80439519,False,931 days 18 minutes
0x0a4f4e92c3334821ebb523324d09e321a6b0d8ec,0xec26cd6748d5ad5295e404717d3b8612f9f742b9,1,1620430733,5/7/21 23:38,1620430733,5/7/21 23:38,1,8324,False,138 minutes
0x0a4f4e92c3334821ebb523324d09e321a6b0d8ec,0x96b3f82782a62e4dccb236f86665c550f6c0b6c0,2,1620439057,5/8/21 1:57,1620439057,5/8/21 1:57,1,70593019,False,817 days 70 minutes
0x0b6a5f2ebc5e1bd38a4ec6a90844f45901e5b843,0xedb53b9b0d1df560a1c15a8fc05edebfb97a27c5,1,1647348698,3/15/22 12:51,1647348757,3/15/22 12:52,3,111,False,1 minutes
0x0b6a5f2ebc5e1bd38a4ec6a90844f45901e5b843,0xcd283dfd87f5a5765adccbc9be053e07f8d85505,2,1647348809,3/15/22 12:53,1647348995,3/15/22 12:56,3,2053,False,34 minutes
0x0b6a5f2ebc5e1bd38a4ec6a90844f45901e5b843,0x00c3253d317cca7bf3f038288e61f14a9e3af8b2,3,1647350862,3/15/22 13:27,1647350862,3/15/22 13:27,1,391,False,6 minutes
0x0b6a5f2ebc5e1bd38a4ec6a90844f45901e5b843,0xa6c1d33837376f600e2f096d70356914255e29e6,4,1647351253,3/15/22 13:34,1647351253,3/15/22 13:34,1,85,False,1 minutes
0x0b6a5f2ebc5e1bd38a4ec6a90844f45901e5b843,0x76676e63c53f81938d5dd8fafa8540ca860ae926,5,1647351338,3/15/22 13:35,1647351338,3/15/22 13:35,1,71,False,1 minutes
0x0b6a5f2ebc5e1bd38a4ec6a90844f45901e5b843,0xbc74fbe07e89b83399dc1dd2fb2c61ec7b94879e,6,1647351409,3/15/22 13:36,1647351542,3/15/22 13:39,3,43680667,False,505 days 811 minutes
0x0b9020d4e32990d67559b1317c7bf0c15d6eb88f,0x46ca157573005281774be9be9a4187cce4ec1871,1,1598436988,8/26/20 10:16,1598436988,8/26/20 10:16,1,6842188,False,79 days 276 minutes
0x0b9020d4e32990d67559b1317c7bf0c15d6eb88f,0x62d7e87677ac7e3bd02c198e3fabeffdbc5eb2a3,2,1605279176,11/13/20 14:52,1605279176,11/13/20 14:52,1,85752900,False,992 days 735 minutes
0x0df016fb18ef4195b2cf9d8623e236272ec52e14,0x8ff34db172e29dd08745f4c9c318a4256c2adeef,1,1649027839,4/3/22 23:17,1649029286,4/3/22 23:41,3,23398,False,389 minutes
0x0df016fb18ef4195b2cf9d8623e236272ec52e14,0xc70cc2f1c5ee6a03f639246eec815abc6435742e,2,1649051237,4/4/22 5:47,1655234251,6/14/22 19:17,2,41980839,False,485 days 1280 minutes
0x0fabaf48bbf864a3947bdd0ba9d764791a60467a,0x49ca9eca607c8483a2b4f955631de2119ac15b74,1,1618989931,4/21/21 7:25,1618989931,4/21/21 7:25,1,601351,False,6 days 1382 minutes
0x0fabaf48bbf864a3947bdd0ba9d764791a60467a,0x5907c9a2ff421be53556be7fa1b5a2d90a187dfd,2,1619591282,4/28/21 6:28,1619591282,4/28/21 6:28,1,620523,False,7 days 262 minutes
0x0fabaf48bbf864a3947bdd0ba9d764791a60467a,0xfe8cf701b0751f840741655213da2b46d8995fd1,3,1620211805,5/5/21 10:50,1620211805,5/5/21 10:50,1,11329439,False,131 days 183 minutes
0x0fabaf48bbf864a3947bdd0ba9d764791a60467a,0x38556ec4a14c63bf0d7576cffdc6ed2a467c6550,4,1631541244,9/13/21 13:54,1631541244,9/13/21 13:54,1,11881,False,198 minutes
0x0fabaf48bbf864a3947bdd0ba9d764791a60467a,0x00a62ee3d2998f67cc202990b792573961d282e6,5,1631553125,9/13/21 17:12,1631583179,9/14/21 1:32,3,8697689,False,100 days 961 minutes
0x0fabaf48bbf864a3947bdd0ba9d764791a60467a,0x7a477d6570386e2b9d0f14d03bd976b0c68b94b9,6,1640250814,12/23/21 9:13,1640250814,12/23/21 9:13,1,50781262,False,587 days 1074 minutes
0x1dfb7700e67e6046898c2fefe160fb53fec3a27c,0x3fef230cd35a1982e2468362845fd186efd10a6d,2,1591130043,6/2/20 20:34,1591130043,6/2/20 20:34,1,83513,False,1391 minutes
0x1dfb7700e67e6046898c2fefe160fb53fec3a27c,0xc05fc198d8f61786e4fadb7499e9d69fd4b49a0f,4,1591213556,6/3/20 19:45,1591213556,6/3/20 19:45,1,-88865,True,1398 minutes
0x1dfb7700e67e6046898c2fefe160fb53fec3a27c,0xcef76097debf6495965f513294bb178109571181,5,1591124691,6/2/20 19:04,1591124691,6/2/20 19:04,1,99907385,False,1156 days 483 minutes
0x1fadcf698cc62c59ca9d6f741b53716bede6e267,0x47b462e9c0b045d52daf876423a4617c8711dbfd,3,1643420497,1/29/22 1:41,1643420497,1/29/22 1:41,1,47611579,False,551 days 86 minutes
0x277e80f3e14e7fb3fc40a9d6184088e0241034bd,0xf251cb9129fdb7e9ca5cad097de3ea70cab9d8f9,6,1600758821,9/22/20 7:13,1600758821,9/22/20 7:13,1,574892,False,6 days 941 minutes
0x277e80f3e14e7fb3fc40a9d6184088e0241034bd,0x553845f9c44c43224620055eca64c6cc79f5ddfd,7,1601333713,9/28/20 22:55,1601925117,10/5/20 19:11,2,1191515,False,13 days 1138 minutes
0x277e80f3e14e7fb3fc40a9d6184088e0241034bd,0x0660bf15a89d8e90cba1b3f0ccf493c415b1369d,8,1602525228,10/12/20 17:53,1602525228,10/12/20 17:53,1,1421675,False,16 days 654 minutes
0x277e80f3e14e7fb3fc40a9d6184088e0241034bd,0xec7f2d7e21a875aee53b05eb511473a385d90d04,9,1603946903,10/29/20 4:48,1603946903,10/29/20 4:48,1,395836,False,4 days 837 minutes
0x277e80f3e14e7fb3fc40a9d6184088e0241034bd,0xb95423e3ca13ce5336cb177b06cd4f647d2aad57,10,1604342739,11/2/20 18:45,1604342739,11/2/20 18:45,1,887150,False,10 days 385 minutes
0x277e80f3e14e7fb3fc40a9d6184088e0241034bd,0x328d15f6b5eba1c30cde1a5f1f5a9e35b07f5424,11,1605229889,11/13/20 1:11,1605229889,11/13/20 1:11,1,85802187,False,993 days 116 minutes
0x2a8e1e676ec238d8a992307b495b45b3feaa5e86,0xb72b3f5523851c2eb0ca14137803ca4ac7295f3f,1,1600759041,9/22/20 7:17,1600759041,9/22/20 7:17,1,3684375,False,42 days 926 minutes
0x2a8e1e676ec238d8a992307b495b45b3feaa5e86,0x1ae95dd4eeae7ed03da79856c2d44ffa3318f805,2,1604443416,11/3/20 22:43,1604443416,11/3/20 22:43,1,4842515,False,56 days 68 minutes
0x2a8e1e676ec238d8a992307b495b45b3feaa5e86,0x3f77efda7ce65a39172fa5068d7f6e89032cbb7e,3,1609285931,12/29/20 23:52,1609285931,12/29/20 23:52,1,-53,True,1439 minutes
0x2a8e1e676ec238d8a992307b495b45b3feaa5e86,0xa8f148b41c0036ec22b477cf9d0cc564b6fbb9a2,4,1609285878,12/29/20 23:51,1609285878,12/29/20 23:51,1,450413,False,5 days 306 minutes
0x2a8e1e676ec238d8a992307b495b45b3feaa5e86,0x159ea2fa3a92dae6b9f21d6753aa6a8ea5bf77ba,5,1609736291,1/4/21 4:58,1609736291,1/4/21 4:58,1,-47,True,1439 minutes
0x2a8e1e676ec238d8a992307b495b45b3feaa5e86,0x78b107e4c3192e225e6bc2bc10e28de9866d39de,6,1609736244,1/4/21 4:57,1609736244,1/4/21 4:57,1,411653,False,4 days 1100 minutes
0x2a8e1e676ec238d8a992307b495b45b3feaa5e86,0x8e54f5776ac2d0322d94640e070856a04e446656,7,1610147897,1/8/21 23:18,1610147897,1/8/21 23:18,1,2155504,False,24 days 1365 minutes
0x2a8e1e676ec238d8a992307b495b45b3feaa5e86,0x9d6975591e777d95eef3bcc2a727846da25d7083,8,1612303401,2/2/21 22:03,1612303401,2/2/21 22:03,1,12962788,False,150 days 46 minutes
0x2a8e1e676ec238d8a992307b495b45b3feaa5e86,0x23dcc0cc5f08b9d85daf8d29490c7f74a655b359,9,1625266189,7/2/21 22:49,1625266189,7/2/21 22:49,1,8308962,False,96 days 242 minutes
0x2a8e1e676ec238d8a992307b495b45b3feaa5e86,0xfc9f0c869b63c9346dff4a3fc146e52791028d7d,10,1633575151,10/7/21 2:52,1633575151,10/7/21 2:52,1,57456925,False,665 days 15 minutes
0x2ae21632cbcc5a2835238258b8bfb627bed139fd,0x8df74f25672adae9866c4b33f1f906e05a3a5087,1,1609423100,12/31/20 13:58,1609477372,1/1/21 5:02,2,61,True,1 minutes
0x2ae21632cbcc5a2835238258b8bfb627bed139fd,0x95ce8cc7625bb8ce7f1774b0545053fb516dbc56,2,1609423161,12/31/20 13:59,1609423161,12/31/20 13:59,1,68,False,1 minutes
0x2ae21632cbcc5a2835238258b8bfb627bed139fd,0xa5be4ae152d77682b466a9f00b0cb0dd1432820b,3,1609423229,12/31/20 14:00,1609480852,1/1/21 6:00,5,81608847,False,944 days 787 minutes
0x2d641867411650cd05db93b59964536b1ed5b1b7,0xbf3d5d13b3cb79a6173394046973c34a60ac8a41,1,1613107666,2/12/21 5:27,1613107666,2/12/21 5:27,1,5896773,False,68 days 359 minutes
0x2d641867411650cd05db93b59964536b1ed5b1b7,0x62414d03084eeb269e18c970a21f45d2967f0170,2,1619004439,4/21/21 11:27,1619004439,4/21/21 11:27,1,12866818,False,148 days 1326 minutes
0x2d641867411650cd05db93b59964536b1ed5b1b7,0x4c2aa63bf1d867fbad14f1d505481c16e4862201,3,1631871257,9/17/21 9:34,1631871257,9/17/21 9:34,1,13851581,False,160 days 459 minutes
0x2d641867411650cd05db93b59964536b1ed5b1b7,0xdb161a896be50a020b636d6b60da7c59817412a5,4,1645722838,2/24/22 17:13,1645722838,2/24/22 17:13,1,45309238,False,524 days 593 minutes
0x2e8891aa76743ee96547acb764a69b87872423f8,0xd5cedf4b77301e6b4acfa72b72dd1de5f8bd61ed,1,1624049803,6/18/21 20:56,1624049803,6/18/21 20:56,1,1134848,False,13 days 194 minutes
0x2e8891aa76743ee96547acb764a69b87872423f8,0x8693f68a25fca28d1bd56a4c3147555b8d707bf8,2,1625184651,7/2/21 0:10,1625184651,7/2/21 0:10,1,65847425,False,762 days 177 minutes
0x463672ffded540f7613d3e8248e3a8a51baf7217,0x1504d0ba9c6fe130d3ce750fcbe7407047d986bf,1,1605018397,11/10/20 14:26,1605018397,11/10/20 14:26,1,6569140,False,76 days 45 minutes
0x463672ffded540f7613d3e8248e3a8a51baf7217,0x56ac92422be3b85f2559e5f415cba1cfb4601ac6,2,1611587537,1/25/21 15:12,1611587537,1/25/21 15:12,1,79444539,False,919 days 715 minutes
0x4c19596f5aaff459fa38b0f7ed92f11ae6543784,0x6927f668feca20b6e8e1a235f5cb683716ce66bb,1,1591124559,6/2/20 19:02,1591124559,6/2/20 19:02,1,4485989,False,51 days 1326 minutes
0x4c19596f5aaff459fa38b0f7ed92f11ae6543784,0xacedb4eb28eedc7fc05583abe829b7e19a17e50d,2,1595610548,7/24/20 17:09,1595610548,7/24/20 17:09,1,9611625,False,111 days 353 minutes
0x4c19596f5aaff459fa38b0f7ed92f11ae6543784,0x4b4e1f67c7298d242555eb35d8e5016f0c4f6df4,3,1605222173,11/12/20 23:02,1605222173,11/12/20 23:02,1,7446915,False,86 days 275 minutes
0x4c19596f5aaff459fa38b0f7ed92f11ae6543784,0x095527f5bea113e9575b662c5ba01d990a280f2f,6,1612669088,2/7/21 3:38,1612669088,2/7/21 3:38,1,78362988,False,906 days 1409 minutes
0x4ccc2339f87f6c59c6893e1a678c2266ca58dc72,0xae1e3ac020ddec3d20c8da5532002fdac62e9f86,1,1609185412,12/28/20 19:56,1609185412,12/28/20 19:56,1,15773417,False,182 days 810 minutes
0x4ccc2339f87f6c59c6893e1a678c2266ca58dc72,0xcc2fd280a669a4453b30b5e72871ad3e2a2663d0,2,1624958829,6/29/21 9:27,1624958829,6/29/21 9:27,1,66073247,False,764 days 1060 minutes
0x501804b374ef06fa9c427476147ac09f1551b9a0,0xf6c1a36a200c9acc5046a86037ffbe4e0ecb2d6a,1,1608527227,12/21/20 5:07,1608527227,12/21/20 5:07,1,1444307,False,16 days 1031 minutes
0x501804b374ef06fa9c427476147ac09f1551b9a0,0x0ed143d1d6d98f10db7151b66d76aa3956072b5a,2,1609971534,1/6/21 22:18,1609971534,1/6/21 22:18,1,23605865,False,273 days 311 minutes
0x501804b374ef06fa9c427476147ac09f1551b9a0,0x84cb50ca45279397cd03fb94232d52078790f8e6,3,1633577399,10/7/21 3:29,1633577399,10/7/21 3:29,1,57454677,False,664 days 1417 minutes
0x502e90e092cd08e6630e8e1ce426fc6d8adb3975,0x2c866fddf7b1aa1ae27e2e90ae91c3a4241f2bfc,1,1599768100,9/10/20 20:01,1599768100,9/10/20 20:01,1,4297,False,71 minutes
0x502e90e092cd08e6630e8e1ce426fc6d8adb3975,0xe879f44e6e0002629a4ee8dc5bdfb8fb7d096f96,2,1599772397,9/10/20 21:13,1599772397,9/10/20 21:13,1,933,False,15 minutes
0x502e90e092cd08e6630e8e1ce426fc6d8adb3975,0x061f57ea8383558a7e20f84948d0f11a6e1bcde2,3,1599773330,9/10/20 21:28,1599773330,9/10/20 21:28,1,1290046,False,14 days 1340 minutes
0x502e90e092cd08e6630e8e1ce426fc6d8adb3975,0xfacfbce2095a26d0c536df62dcdd563926a69380,4,1601063376,9/25/20 19:49,1601063376,9/25/20 19:49,1,7555,False,125 minutes
0x502e90e092cd08e6630e8e1ce426fc6d8adb3975,0xcf61e639238606b14ccdf09c63f5762fb1534ffa,5,1601070931,9/25/20 21:55,1601070931,9/25/20 21:55,1,5920,False,98 minutes
0x502e90e092cd08e6630e8e1ce426fc6d8adb3975,0x4bc1143b887bb0a1d8c435e3c44cebb75f3bb24b,6,1601076851,9/25/20 23:34,1601076851,9/25/20 23:34,1,747757,False,8 days 942 minutes
0x502e90e092cd08e6630e8e1ce426fc6d8adb3975,0x3193704eabc859d652bffea6a89dd5f40e9458c5,7,1601824608,10/4/20 15:16,1601824608,10/4/20 15:16,1,4083353,False,47 days 375 minutes
0x502e90e092cd08e6630e8e1ce426fc6d8adb3975,0x979438c8a43122e8f841abd32905889cd1a14b15,8,1605907961,11/20/20 21:32,1605907961,11/20/20 21:32,1,64150,False,1069 minutes
0x502e90e092cd08e6630e8e1ce426fc6d8adb3975,0x68907fca073911e17c577bfb949baa7d9ccaf484,9,1605972111,11/21/20 15:21,1605972111,11/21/20 15:21,1,273014,False,3 days 230 minutes
0x502e90e092cd08e6630e8e1ce426fc6d8adb3975,0x7721ac9c664a7284b1c6def0381669af62906c01,10,1606245125,11/24/20 19:12,1606245125,11/24/20 19:12,1,7527,False,125 minutes
0x502e90e092cd08e6630e8e1ce426fc6d8adb3975,0x35d03780f32deb5218197e6664d15b40eaa347c4,11,1606252652,11/24/20 21:17,1606252652,11/24/20 21:17,1,84779424,False,981 days 350 minutes
0x502f11922661d072f91b73ae981eeedb236cb944,0x8f5143d37e0d873f8c994cd533652336dc6a0ffb,1,1645776084,2/25/22 8:01,1645776084,2/25/22 8:01,1,591981,False,6 days 1226 minutes
0x502f11922661d072f91b73ae981eeedb236cb944,0x5970b58267e4f4a8abc3a76211ef69e17ace5a58,2,1646368065,3/4/22 4:27,1646368065,3/4/22 4:27,1,44664011,False,516 days 1360 minutes
0x590d0fc2096f0bb063d7033fe97f6c1c512ba2b2,0x15d77a0e8fb5387a2d707cc297ad2879f7b13cc1,3,1609948734,1/6/21 15:58,1609948734,1/6/21 15:58,1,956657,False,11 days 104 minutes
0x590d0fc2096f0bb063d7033fe97f6c1c512ba2b2,0xa1070f58463b0da0bdcf2520c64fe40ebf474e2b,4,1610905391,1/17/21 17:43,1610905391,1/17/21 17:43,1,50670,False,844 minutes
0x590d0fc2096f0bb063d7033fe97f6c1c512ba2b2,0x8f4bc1cd0692d29a080cc523d555a2e380696283,5,1610956061,1/18/21 7:47,1610956061,1/18/21 7:47,1,552750,False,6 days 572 minutes
0x590d0fc2096f0bb063d7033fe97f6c1c512ba2b2,0x5b72c2c9c1d65930adfe6bf935943fe81ea37761,6,1611508811,1/24/21 17:20,1611508811,1/24/21 17:20,1,79523265,False,920 days 587 minutes
0x5de89cb4d6dc83a2a3279d8d9de936d870e0e7e8,0x00b4b03073eb129d68ce62ce3cff74876666b83a,1,1609337691,12/30/20 14:14,1609337691,12/30/20 14:14,1,484,False,8 minutes
0x5de89cb4d6dc83a2a3279d8d9de936d870e0e7e8,0xf7b6da4cb75ddf8987f07b0b7289b5197378f934,2,1609338175,12/30/20 14:22,1609338175,12/30/20 14:22,1,416,False,6 minutes
0x5de89cb4d6dc83a2a3279d8d9de936d870e0e7e8,0xee621104e98a258c5af360422b369acca06516e0,3,1609338591,12/30/20 14:29,1609463012,1/1/21 1:03,4,81693485,False,945 days 758 minutes
0x5e3ef299fddf15eaa0432e6e66473ace8c13d908,0xf66f01bc2d3e83312e26244550537fe2d2995fee,1,1593189673,6/26/20 16:41,1593189673,6/26/20 16:41,1,1712346,False,19 days 1179 minutes
0x5e3ef299fddf15eaa0432e6e66473ace8c13d908,0x9a6bc66ce2e008d59654bc0053ce2d01f09c8b90,2,1594902019,7/16/20 12:20,1594902019,7/16/20 12:20,1,8896698,False,102 days 1398 minutes
0x5e3ef299fddf15eaa0432e6e66473ace8c13d908,0xf58ec2f599ec32f2ae104984f41c1fb1377eceba,3,1603798717,10/27/20 11:38,1605032473,11/10/20 18:21,4,12975812,False,150 days 263 minutes
0x5e3ef299fddf15eaa0432e6e66473ace8c13d908,0xb955ee20a7f1d6f9bd68805e6eefe2cbc5d8220d,4,1616774529,3/26/21 16:02,1616774529,3/26/21 16:02,1,3500,False,58 minutes
0x5e3ef299fddf15eaa0432e6e66473ace8c13d908,0xd8eeb76bf9fec7efe3772383d5f38fd02243e56c,5,1616778029,3/26/21 17:00,1616778029,3/26/21 17:00,1,6889218,False,79 days 1060 minutes
0x5e3ef299fddf15eaa0432e6e66473ace8c13d908,0xd6f5c46d4e1a02f9d145cee41d2f8af30d8d2d76,6,1623667247,6/14/21 10:40,1629243159,8/17/21 23:32,2,19087731,False,220 days 1328 minutes
0x5e3ef299fddf15eaa0432e6e66473ace8c13d908,0x644a0a4a4a9892f57af7dff1db23ce2a235a255e,7,1642754978,1/21/22 8:49,1671150995,12/16/22 0:36,3,24146241,True,279 days 677 minutes
0x5e3ef299fddf15eaa0432e6e66473ace8c13d908,0xba9ac3c9983a3e967f0f387c75ccbd38ad484963,8,1666901219,10/27/22 20:06,1666901219,10/27/22 20:06,1,24130857,False,279 days 420 minutes
0x60eb332bd4a0e2a9eeb3212cfdd6ef03ce4cb3b5,0x3c04ab1f8caa8ae119f332f1214d4667fdf415b4,2,1654080372,6/1/22 10:46,1654080372,6/1/22 10:46,1,55275,False,921 minutes
0x60eb332bd4a0e2a9eeb3212cfdd6ef03ce4cb3b5,0xf9339321257067e787bb4a38f22458d7fd582f92,3,1654135647,6/2/22 2:07,1654135647,6/2/22 2:07,1,-178593,True,1343 minutes
0x60eb332bd4a0e2a9eeb3212cfdd6ef03ce4cb3b5,0xd8156966a7be5b320a1b1f943b376c93a15bd298,5,1653957054,5/31/22 0:30,1665053147,10/6/22 10:45,3,37075022,False,429 days 157 minutes
0x61ee8806891e9411722ad20c1e30be7da8ad933d,0x8eb4258fb1d0b99091523e4580bb6e62955c4277,1,1609439375,12/31/20 18:29,1609439375,12/31/20 18:29,1,170,False,2 minutes
0x61ee8806891e9411722ad20c1e30be7da8ad933d,0xa2cfbd1dbd57879d4793186b8c0c3c5a45f09b55,2,1609439545,12/31/20 18:32,1609439545,12/31/20 18:32,1,187,False,3 minutes
0x61ee8806891e9411722ad20c1e30be7da8ad933d,0xbe2dd3aba627f18cbaf80aa0decc154d460ca0f5,3,1609439732,12/31/20 18:35,1609439732,12/31/20 18:35,1,81592344,False,944 days 512 minutes
0x6325d247696d39ee59ffd931a87e022a68bbbe4f,0x65fafd78795c4bb2734633a000c122be0e3e6f37,1,1600497579,9/19/20 6:39,1600497579,9/19/20 6:39,1,-2081073,True,1315 minutes
0x6325d247696d39ee59ffd931a87e022a68bbbe4f,0x7f628bdabde2c6c4cfc57f3f7683cd6034054e3a,3,1598416506,8/26/20 4:35,1602509722,10/12/20 13:35,14,2420301,True,28 days 18 minutes
0x6325d247696d39ee59ffd931a87e022a68bbbe4f,0x452579ff98fe4380b75956d548d09f044dd06737,4,1600836807,9/23/20 4:53,1600836807,9/23/20 4:53,1,1659452,False,19 days 297 minutes
0x6325d247696d39ee59ffd931a87e022a68bbbe4f,0xabf1bcf046612f0abc1b705ba78355330b2fb72f,5,1602496259,10/12/20 9:50,1602496259,10/12/20 9:50,1,88535817,False,1024 days 1036 minutes
0x6352a56caadc4f1e25cd6c75970fa768a3304e64,0xa9f983a0d33a6fa782ddd29c93649f7d65df4dd9,2,1650011627,4/15/22 8:33,1671678923,12/22/22 3:15,2,23922552,False,276 days 1269 minutes
0x6352a56caadc4f1e25cd6c75970fa768a3304e64,0x01ec93c289cb003e741f621cdd4fe837243f8905,3,1673934179,1/17/23 5:42,1673934179,1/17/23 5:42,1,9771288,False,113 days 134 minutes
0x6352a56caadc4f1e25cd6c75970fa768a3304e64,0xfedfe25ea1c959ea6066a6cadd6ff5b4579f92ae,4,1683705467,5/10/23 7:57,1683705467,5/10/23 7:57,1,7326609,False,84 days 1150 minutes
0x96d1e9d25bd949b6811e2844aca63cb3cfce68af,0xb1d809dbe0bd0208e57c20e55f5a0a7f617aecce,1,1630073999,8/27/21 14:19,1630073999,8/27/21 14:19,1,1537753,False,17 days 1149 minutes
0x96d1e9d25bd949b6811e2844aca63cb3cfce68af,0x9bebd0e7b7ad080146d92203d59b69eb5087f9de,2,1631611752,9/14/21 9:29,1631611752,9/14/21 9:29,1,25682017,False,297 days 353 minutes
0x96d1e9d25bd949b6811e2844aca63cb3cfce68af,0x8617c0ca932df604faefe612e72b6b28071bc35a,3,1657293769,7/8/22 15:22,1657293769,7/8/22 15:22,1,427005,False,4 days 1356 minutes
0x96d1e9d25bd949b6811e2844aca63cb3cfce68af,0xd6278759e4ad8d54a0ed7a913f9427d3de56aeaa,4,1657720774,7/13/22 13:59,1657720774,7/13/22 13:59,1,33311302,False,385 days 788 minutes
0x99cdd3dad1efcffa57a5e622939c9d5411cc8eb1,0xb555a04c9f364f97c647f0969ccdde6704574050,2,1648021261,3/23/22 7:41,1648021261,3/23/22 7:41,1,43010815,False,497 days 1166 minutes
0x9c354503c38481a7a7a51629142963f98ecc12d0,0x6ce89ff1e8a910007bac236c27b88f8a95b0bfad,1,1647993737,3/23/22 0:02,1647993737,3/23/22 0:02,1,7202719,False,83 days 525 minutes
0x9c354503c38481a7a7a51629142963f98ecc12d0,0xed6e3808fce0c4a52dea8636933f666c6dea4d1d,2,1655196456,6/14/22 8:47,1655196456,6/14/22 8:47,1,35835620,False,414 days 1100 minutes
0x9e4fae1c7ac543a81e4e2a5486a0ddaad8194bda,0x4e6d068f43ae28ce4a7bc97d9dc5fdfb8a55f008,1,1634298611,10/15/21 11:50,1634298611,10/15/21 11:50,1,7078917,False,81 days 1341 minutes
0x9e4fae1c7ac543a81e4e2a5486a0ddaad8194bda,0x3beb54fe1b0b0569d71f4ff56f3b9c9e4cf2f3f0,2,1641377528,1/5/22 10:12,1641377528,1/5/22 10:12,1,10457890,False,121 days 58 minutes
0x9e4fae1c7ac543a81e4e2a5486a0ddaad8194bda,0x553c518808aead61b863a978134877dbd59f8d96,3,1651835418,5/6/22 11:10,1651835418,5/6/22 11:10,1,6653367,False,77 days 9 minutes
0x9e4fae1c7ac543a81e4e2a5486a0ddaad8194bda,0xc76a3b3a0a86bbb4296b700fce88f6bca6348ab3,4,1658488785,7/22/22 11:19,1658488785,7/22/22 11:19,1,32543291,False,376 days 948 minutes
0x9ebab3b21b5ef5709bd476b022fc432fc84c0e86,0x0a47c3e2c8f7373367a087c778600d0116976558,1,1637363214,11/19/21 23:06,1637363214,11/19/21 23:06,1,2407640,False,27 days 1247 minutes
0x9ebab3b21b5ef5709bd476b022fc432fc84c0e86,0xf88e304e7c8cba8582a430daa11e1adfaf2a383b,2,1639770854,12/17/21 19:54,1639770854,12/17/21 19:54,1,51261222,False,593 days 433 minutes
0xa0c68c638235ee32657e8f720a23cec1bfc77c77,0xd4888fab8bd39a663b63161f5ee1eae31a25b653,1,1598436485,8/26/20 10:08,1612945501,2/10/21 8:25,3,6830595,True,79 days 83 minutes
0xa0c68c638235ee32657e8f720a23cec1bfc77c77,0x0bff34272af650632236703a3d6d8e3c133421cb,2,1605267080,11/13/20 11:31,1605267080,11/13/20 11:31,1,6073722,False,70 days 428 minutes
0xa0c68c638235ee32657e8f720a23cec1bfc77c77,0x4015ccad9218b109d3339b356392c6ee8438e5d0,3,1611340802,1/22/21 18:40,1611340802,1/22/21 18:40,1,2819419,False,32 days 910 minutes
0xa0c68c638235ee32657e8f720a23cec1bfc77c77,0xecfdefe1d67f93d3c154b67fd9d4ba62ab820dea,4,1614160221,2/24/21 9:50,1614160221,2/24/21 9:50,1,5449475,False,63 days 104 minutes
0xa0c68c638235ee32657e8f720a23cec1bfc77c77,0x296ac8fb39279bbcff6edc9fddf1d2f4aea1631b,5,1619609696,4/28/21 11:34,1619609696,4/28/21 11:34,1,8300181,False,96 days 96 minutes
0xa0c68c638235ee32657e8f720a23cec1bfc77c77,0x7cfa0f105a4922e89666d7d63689d9c9b1ea7a19,6,1627909877,8/2/21 13:11,1632232036,9/21/21 13:47,7,4244900,True,49 days 188 minutes
0xa0c68c638235ee32657e8f720a23cec1bfc77c77,0x6abb753c1893194de4a83c6e8b4eadfc105fd5f5,7,1632154777,9/20/21 16:19,1646956157,3/10/22 23:49,3,-265327,True,1337 minutes
0xa0c68c638235ee32657e8f720a23cec1bfc77c77,0x6866fe89723713282bf6ab2fb8f03b0ee1833abe,8,1631889450,9/17/21 14:37,1631889450,9/17/21 14:37,1,59142626,False,684 days 750 minutes
0xaac09eedccf664a9a6a594fc527a0a4ec6cc2788,0x4c8a4b349a61a5dd0afb29ff66f0dd6bba97572b,2,1659376791,8/1/22 17:59,1659376791,8/1/22 17:59,1,31655285,False,366 days 548 minutes
0xaeeac2e7a0e2b927b74e9080acadb936437088dd,0x18684f460ba87c6c3253ec6b96322f6fd911692b,1,1612399691,2/4/21 0:48,1612399691,2/4/21 0:48,1,23551972,False,272 days 852 minutes
0xaeeac2e7a0e2b927b74e9080acadb936437088dd,0xe35518c73996fdc7e4db7733d4e98209dd5a1768,2,1635951663,11/3/21 15:01,1635951663,11/3/21 15:01,1,55080413,False,637 days 726 minutes
0xe595d67181d701a5356e010d9a58eb9a341f1dbd,0x35103a8fafa0c935b7a91e8356c8a05906c80210,1,1604673680,11/6/20 14:41,1604673680,11/6/20 14:41,1,3442191,False,39 days 1209 minutes
0xe595d67181d701a5356e010d9a58eb9a341f1dbd,0x8bd8ec1e69e19b23db4e9cb31472f143d0e093cc,2,1608115871,12/16/20 10:51,1608115871,12/16/20 10:51,1,14525148,False,168 days 165 minutes
0xe595d67181d701a5356e010d9a58eb9a341f1dbd,0x585781030c7bd1d42c28773170de305ccfa79513,3,1622641019,6/2/21 13:36,1622641019,6/2/21 13:36,1,11994231,False,138 days 1183 minutes
0xe595d67181d701a5356e010d9a58eb9a341f1dbd,0xd6669e5778174f03ac4b68fe83493f6c54a10024,4,1634635250,10/19/21 9:20,1634635250,10/19/21 9:20,1,56396826,False,652 days 1067 minutes
0xe6f45376f64e1f568bd1404c155e5ffd2f80f7ad,0x9aaae29879c95ed732bababea4cae20a6d931dbb,1,1598436709,8/26/20 10:11,1598436709,8/26/20 10:11,1,6837078,False,79 days 191 minutes
0xe6f45376f64e1f568bd1404c155e5ffd2f80f7ad,0xf3f08b74b63d0c008cea903ee59b346bf1d5e4cd,2,1605273787,11/13/20 13:23,1605273787,11/13/20 13:23,1,10251290,False,118 days 934 minutes
0xe6f45376f64e1f568bd1404c155e5ffd2f80f7ad,0x637315199d6dcb7190bbfacfb1e1cce7f9632714,3,1615525077,3/12/21 4:57,1615525077,3/12/21 4:57,1,1733389,False,20 days 89 minutes
0xe6f45376f64e1f568bd1404c155e5ffd2f80f7ad,0xb272b6d99858b0efb079946942006727fe105201,4,1617258466,4/1/21 6:27,1617258466,4/1/21 6:27,1,34505489,False,399 days 531 minutes
0xe6f45376f64e1f568bd1404c155e5ffd2f80f7ad,0xd515c8ff03ec79e7d5b3410c036f738e7f396c90,5,1651763955,5/5/22 15:19,1651763955,5/5/22 15:19,1,39268121,False,454 days 708 minutes
0xe75d77b1865ae93c7eaa3040b038d7aa7bc02f70,0xe54f14fc3fbc5915d070de4758bcf591541bd1c3,1,1609283778,12/29/20 23:16,1609283778,12/29/20 23:16,1,3096999,False,35 days 1216 minutes
0xe75d77b1865ae93c7eaa3040b038d7aa7bc02f70,0x3e803eea623ee4793f0f49790a813811da5249f4,2,1612380777,2/3/21 19:32,1612380777,2/3/21 19:32,1,4248651,False,49 days 250 minutes
0xe75d77b1865ae93c7eaa3040b038d7aa7bc02f70,0xf00d4b19458c594d4ea9d0b9861edfd2c444fa9a,3,1616629428,3/24/21 23:43,1616629428,3/24/21 23:43,1,8636813,False,99 days 1386 minutes
0xe75d77b1865ae93c7eaa3040b038d7aa7bc02f70,0xa4d15507112c0db37e1320bf3fff8891dfd1d2ed,4,1625266241,7/2/21 22:50,1625266241,7/2/21 22:50,1,8309062,False,96 days 244 minutes
0xe75d77b1865ae93c7eaa3040b038d7aa7bc02f70,0x226de75867b2f785ba19600e2a7e6efccd57157b,5,1633575303,10/7/21 2:55,1633575303,10/7/21 2:55,1,57456773,False,665 days 12 minutes
